"","merged","site","size"
"millsap1","Millsap Cache_L","Millsap Cache","L"
"millsap2","Millsap Cache_S","Millsap Cache","S"
"millsap3","Millsap Cache_S","Millsap Cache","S"
"millsap4","Millsap Cache_S","Millsap Cache","S"
"millsap5","Millsap Cache_S","Millsap Cache","S"
"millsap6","Millsap Cache_S","Millsap Cache","S"
"millsap7","Millsap Cache_S","Millsap Cache","S"
"millsap8","Millsap Cache_S","Millsap Cache","S"
"millsap9","Millsap Cache_S","Millsap Cache","S"
"millsap10","Millsap Cache_S","Millsap Cache","S"
"millsap11","Millsap Cache_S","Millsap Cache","S"
"millsap12","Millsap Cache_L","Millsap Cache","L"
"millsap13","Millsap Cache_L","Millsap Cache","L"
"millsap14","Millsap Cache_L","Millsap Cache","L"
"millsap15","Millsap Cache_L","Millsap Cache","L"
"millsap16","Millsap Cache_L","Millsap Cache","L"
"millsap17","Millsap Cache_L","Millsap Cache","L"
"millsap18","Millsap Cache_S","Millsap Cache","S"
"millsap19","Millsap Cache_S","Millsap Cache","S"
"56","Jowell Farm_L","Jowell Farm","L"
"63","Jowell Farm_L","Jowell Farm","L"
"66","Jowell Farm_L","Jowell Farm","L"
"70","Jowell Farm_L","Jowell Farm","L"
"72","Jowell Farm_L","Jowell Farm","L"
"74","Jowell Farm_L","Jowell Farm","L"
"75","Jowell Farm_S","Jowell Farm","S"
"76","Jowell Farm_S","Jowell Farm","S"
"78","Jowell Farm_S","Jowell Farm","S"
"79","Jowell Farm_S","Jowell Farm","S"
"80","Jowell Farm_S","Jowell Farm","S"
